<addon id="repository.tomszo" name="TomSzo Repository" version="1.0.0" provider-name="TomSzo">
    <extension point="xbmc.addon.repository" name="TomSzo Repository">
        <info compressed="false">https://raw.githubusercontent.com/TomSzo/MyKodi/main/addons.xml</info>
        <checksum>https://raw.githubusercontent.com/TomSzo/MyKodi/main/addons.xml.md5</checksum>
        <datadir zip="true">https://raw.githubusercontent.com/TomSzo/MyKodi/main/</datadir>
    </extension>
    <extension point="xbmc.addon.metadata">
        <summary>TomSzo Repository</summary>
        <description>A TomSzo Repository</description>
        <platform>all</platform>
        <language>en_US</language>
    </extension>
</addon>