<?xml version="1.0" encoding="UTF-8" standalone="yes"?>
<addon id="repository.te.repo" name="Te Kodi Repository" version="1.0.0" provider-name="Te">
    <extension point="xbmc.addon.repository">
        <info compressed="false">https://raw.githubusercontent.com/TomSzo/MyKodi/master/addons.xml</info>
        <checksum>https://raw.githubusercontent.com/TomSzo/MyKodi/master/addons.xml.md5</checksum>
        <datadir zip="true">https://raw.githubusercontent.com/TomSzo/MyKodi/master/</datadir>
    </extension>
    <extension point="xbmc.addon.metadata">
        <summary lang="en">Te egyéni Kodi repository-ja</summary>
        <description lang="en">Ez a repository a saját addonjaimat és más repository-kat tartalmazza.</description>
        <platform>all</platform>
    </extension>
</addon>