<?xml version="1.0" encoding="UTF-8" standalone="yes"?>
<addon id="repository.streamshark" version="1.0.0" name="StreamShark repository" provider-name="SSrepo">
	<extension point="xbmc.addon.repository" name="MovieShark repository">
		<dir>
			<info compressed="false">https://repo.mvshrk.xyz/streamshark_c4e9617e2dff65c7f4fc1df1f560e2a2/addons.xml</info>
			<checksum>https://repo.mvshrk.xyz/streamshark_c4e9617e2dff65c7f4fc1df1f560e2a2/addons.xml.md5</checksum>
			<datadir zip="true">https://repo.mvshrk.xyz/streamshark_c4e9617e2dff65c7f4fc1df1f560e2a2/</datadir>
		</dir>
		<dir>
			<info compressed="false">https://raw.githubusercontent.com/Gujal00/smrzips/master/addons.xml</info>
			<checksum>https://raw.githubusercontent.com/Gujal00/smrzips/master/addons.xml.md5</checksum>
			<datadir zip="true">https://raw.githubusercontent.com/Gujal00/smrzips/master/zips/</datadir>
		</dir>	
	</extension>
	<extension point="xbmc.addon.metadata">
		<summary lang="en">StreamShark Repository</summary>
		<platform>all</platform>
	</extension>
</addon>
